a1cx,a1cy,b2x,b2y,a2pop,a3pop,temp,mxql
False,False,False,False,False,True,False,False
False,False,False,False,False,True,False,False
False,False,False,False,True,True,False,False
False,False,False,False,True,True,False,False
False,False,False,False,False,False,False,False
False,False,False,False,True,True,False,False
False,False,False,False,False,True,False,False
False,False,False,False,True,True,False,False
False,False,False,False,False,True,False,False
False,False,False,False,True,True,False,False
False,False,False,False,True,True,False,False
False,False,False,False,True,True,False,False
False,False,False,False,True,True,False,False
False,False,False,False,False,True,False,False
False,False,False,False,False,True,False,False
False,False,False,False,True,True,False,False
False,False,False,False,True,True,False,False
False,False,False,False,True,True,False,False
False,False,False,False,False,True,False,False
False,False,False,False,True,True,False,False
False,False,False,False,True,True,False,False
False,False,False,False,True,True,False,False
False,False,False,False,True,True,False,False
False,False,False,False,True,True,False,False
False,False,False,False,False,True,False,False
False,False,False,False,True,True,False,False
False,False,False,False,True,True,False,False
False,False,False,False,True,True,False,False
False,False,False,False,False,True,False,False
False,False,False,False,True,True,False,False
False,False,False,False,False,True,False,False
False,False,False,False,True,True,False,False
False,False,False,False,True,True,False,False
False,False,False,False,False,True,False,False
False,False,False,False,True,True,False,False
False,False,False,False,False,True,False,False
False,False,False,False,True,True,False,False
False,False,False,False,True,True,False,False
False,False,False,False,True,True,False,False
False,False,False,False,True,True,False,False
False,False,False,False,True,True,False,False
False,False,False,False,True,True,False,False
False,False,False,False,True,True,False,False
False,False,False,False,True,True,False,False
False,False,False,False,True,True,False,False
False,False,False,False,True,True,False,False
False,False,False,False,True,True,False,False
False,False,False,False,True,True,False,False
False,False,False,False,True,True,False,False
False,False,False,False,False,True,False,False
False,False,False,False,False,True,False,False
False,False,False,False,True,True,False,False
False,False,False,False,True,True,False,False
False,False,False,False,True,True,False,False
False,False,False,False,True,True,False,False
False,False,False,False,True,True,False,False
False,False,False,False,False,True,False,False
False,False,False,False,True,True,False,False
False,False,False,False,True,True,False,False
False,False,False,False,True,True,False,False
False,False,False,False,True,True,False,False
False,False,False,False,True,True,False,False
False,False,False,False,True,False,False,False
False,False,False,False,True,True,False,False
False,False,False,False,False,True,False,False
False,False,False,False,True,True,False,False
False,False,False,False,False,True,False,False
False,False,False,False,True,True,False,False
False,False,False,False,True,True,False,False
False,False,False,False,True,True,False,False
False,False,False,False,True,True,False,False
False,False,False,False,False,True,False,False
False,False,False,False,False,True,False,False
False,False,False,False,True,True,False,False
False,False,False,False,True,True,False,False
False,False,False,False,False,True,False,False
False,False,False,False,True,True,False,False
False,False,False,False,True,True,False,False
False,False,False,False,False,True,False,False
False,False,False,False,False,True,False,False
False,False,False,False,False,True,False,False
False,False,False,False,False,True,False,False
False,False,False,False,False,True,False,False
False,False,False,False,True,True,False,False
False,False,False,False,True,True,False,False
False,False,False,False,False,True,False,False
False,False,False,False,True,False,False,False
False,False,False,False,True,False,False,False
False,False,False,False,False,True,False,False
False,False,False,False,True,True,False,False
False,False,False,False,False,True,False,False
False,False,False,False,True,True,False,False
False,False,False,False,True,True,False,False
False,False,False,False,False,True,False,False
False,False,False,False,True,True,False,False
False,False,False,False,True,True,False,False
False,False,False,False,True,True,False,False
False,False,False,False,True,True,False,False
False,False,False,False,True,True,False,False
False,False,False,False,True,True,False,False
False,False,False,False,True,True,False,False
False,False,False,False,True,True,False,False
False,False,False,False,True,True,False,False
False,False,False,False,False,True,False,False
False,False,False,False,False,True,False,False
False,False,False,False,False,True,False,False
False,False,False,False,True,True,False,False
False,False,False,False,False,True,False,False
False,False,False,False,True,True,False,False
False,False,False,False,True,True,False,False
False,False,False,False,False,True,False,False
False,False,False,False,True,True,False,False
False,False,False,False,True,True,False,False
False,False,False,False,True,True,False,False
False,False,False,False,False,True,False,False
False,False,False,False,False,True,False,False
False,False,False,False,True,False,False,False
False,False,False,False,True,True,False,False
False,False,False,False,True,False,False,False
False,False,False,False,False,True,False,False
False,False,False,False,True,True,False,False
False,False,False,False,True,True,False,False
False,False,False,False,True,True,False,False
False,False,False,False,False,True,False,False
False,False,False,False,False,True,False,False
False,False,False,False,True,True,False,False
False,False,False,False,False,False,False,False
False,False,False,False,False,True,False,False
False,False,False,False,False,True,False,False
False,False,False,False,False,True,False,False
False,False,False,False,True,True,False,False
False,False,False,False,False,True,False,False
False,False,False,False,True,True,False,False
False,False,False,False,True,True,False,False
False,False,False,False,True,True,False,False
False,False,False,False,True,True,False,False
False,False,False,False,True,True,False,False
False,False,False,False,True,True,False,False
False,False,False,False,True,True,False,False
False,False,False,False,False,True,False,False
False,False,False,False,True,True,False,False
False,False,False,False,True,False,False,False
False,False,False,False,False,True,False,False
False,False,False,False,True,True,False,False
False,False,False,False,True,True,False,False
False,False,False,False,True,True,False,False
False,False,False,False,True,True,False,False
False,False,False,False,True,True,False,False
False,False,False,False,True,True,False,False
False,False,False,False,True,True,False,False
False,False,False,False,True,True,False,False
False,False,False,False,True,True,False,False
False,False,False,False,False,True,False,False
False,False,False,False,True,True,False,False
False,False,False,False,True,True,False,False
False,False,False,False,False,True,False,False
False,False,False,False,True,True,False,False
False,False,False,False,True,True,False,False
False,False,False,False,True,True,False,False
False,False,False,False,True,True,False,False
False,False,False,False,False,True,False,False
False,False,False,False,True,True,False,False
False,False,False,False,True,True,False,False
False,False,False,False,True,True,False,False
False,False,False,False,True,True,False,False
False,False,False,False,False,True,False,False
False,False,False,False,False,True,False,False
False,False,False,False,False,True,False,False
False,False,False,False,True,True,False,False
False,False,False,False,True,True,False,False
False,False,False,False,True,False,False,False
False,False,False,False,True,True,False,False
False,False,False,False,True,True,False,False
False,False,False,False,False,True,False,False
False,False,False,False,True,True,False,False
False,False,False,False,False,False,False,False
False,False,False,False,True,True,False,False
False,False,False,False,True,True,False,False
False,False,False,False,True,True,False,False
False,False,False,False,True,True,False,False
False,False,False,False,False,True,False,False
False,False,False,False,True,True,False,False
False,False,False,False,True,True,False,False
False,False,False,False,False,True,False,False
False,False,False,False,True,True,False,False
False,False,False,False,True,True,False,False
False,False,False,False,True,True,False,False
False,False,False,False,True,True,False,False
False,False,False,False,True,True,False,False
False,False,False,False,True,True,False,False
False,False,False,False,False,True,False,False
False,False,False,False,True,True,False,False
False,False,False,False,True,True,False,False
False,False,False,False,True,True,False,False
False,False,False,False,True,True,False,False
False,False,False,False,True,True,False,False
False,False,False,False,True,True,False,False
False,False,False,False,True,True,False,False
False,False,False,False,False,True,False,False
False,False,False,False,True,True,False,False
False,False,False,False,True,True,False,False
False,False,False,False,False,False,False,False
False,False,False,False,True,True,False,False
False,False,False,False,True,True,False,False
False,False,False,False,False,True,False,False
False,False,False,False,True,True,False,False
False,False,False,False,False,True,False,False
False,False,False,False,True,True,False,False
False,False,False,False,True,True,False,False
False,False,False,False,True,True,False,False
False,False,False,False,True,True,False,False
False,False,False,False,False,True,False,False
False,False,False,False,True,True,False,False
False,False,False,False,True,True,False,False
False,False,False,False,True,True,False,False
False,False,False,False,False,True,False,False
False,False,False,False,False,True,False,False
False,False,False,False,True,True,False,False
False,False,False,False,True,True,False,False
False,False,False,False,False,True,False,False
False,False,False,False,False,True,False,False
False,False,False,False,True,True,False,False
False,False,False,False,False,True,False,False
False,False,False,False,True,True,False,False
False,False,False,False,True,True,False,False
False,False,False,False,True,True,False,False
False,False,False,False,False,True,False,False
False,False,False,False,True,True,False,False
False,False,False,False,True,True,False,False
False,False,False,False,True,True,False,False
False,False,False,False,True,True,False,False
False,False,False,False,False,True,False,False
False,False,False,False,True,True,False,False
False,False,False,False,True,True,False,False
False,False,False,False,True,True,False,False
False,False,False,False,True,True,False,False
False,False,False,False,True,True,False,False
False,False,False,False,True,True,False,False
False,False,False,False,False,False,False,False
False,False,False,False,True,True,False,False
False,False,False,False,True,True,False,False
False,False,False,False,True,True,False,False
False,False,False,False,True,True,False,False
False,False,False,False,False,True,False,False
False,False,False,False,True,True,False,False
False,False,False,False,True,True,False,False
False,False,False,False,False,True,False,False
False,False,False,False,True,True,False,False
False,False,False,False,True,True,False,False
False,False,False,False,True,True,False,False
False,False,False,False,True,True,False,False
False,False,False,False,False,True,False,False
False,False,False,False,False,True,False,False
False,False,False,False,False,True,False,False
False,False,False,False,False,True,False,False
False,False,False,False,True,False,False,False
False,False,False,False,False,True,False,False
False,False,False,False,False,True,False,False
False,False,False,False,False,True,False,False
False,False,False,False,False,True,False,False
False,False,False,False,True,True,False,False
False,False,False,False,True,True,False,False
False,False,False,False,True,True,False,False
False,False,False,False,False,False,False,False
False,False,False,False,False,True,False,False
False,False,False,False,False,True,False,False
False,False,False,False,True,False,False,False
False,False,False,False,True,True,False,False
False,False,False,False,True,True,False,False
False,False,False,False,False,True,False,False
False,False,False,False,True,True,False,False
False,False,False,False,True,True,False,False
False,False,False,False,True,True,False,False
False,False,False,False,False,True,False,False
False,False,False,False,False,True,False,False
False,False,False,False,True,True,False,False
False,False,False,False,False,True,False,False
False,False,False,False,True,True,False,False
False,False,False,False,True,True,False,False
False,False,False,False,True,True,False,False
False,False,False,False,True,True,False,False
False,False,False,False,True,True,False,False
False,False,False,False,False,True,False,False
False,False,False,False,False,True,False,False
False,False,False,False,True,True,False,False
False,False,False,False,True,True,False,False
False,False,False,False,True,True,False,False
False,False,False,False,True,True,False,False
False,False,False,False,False,True,False,False
False,False,False,False,True,True,False,False
False,False,False,False,True,True,False,False
False,False,False,False,True,False,False,False
False,False,False,False,True,True,False,False
False,False,False,False,False,True,False,False
False,False,False,False,False,True,False,False
False,False,False,False,False,True,False,False
False,False,False,False,True,True,False,False
False,False,False,False,True,True,False,False
False,False,False,False,True,True,False,False
False,False,False,False,True,False,False,False
False,False,False,False,False,True,False,False
False,False,False,False,True,True,False,False
False,False,False,False,True,True,False,False
False,False,False,False,False,True,False,False
False,False,False,False,True,True,False,False
False,False,False,False,True,True,False,False
False,False,False,False,True,True,False,False
False,False,False,False,True,True,False,False
False,False,False,False,False,True,False,False
False,False,False,False,True,True,False,False
False,False,False,False,True,True,False,False
False,False,False,False,True,True,False,False
False,False,False,False,False,True,False,False
False,False,False,False,True,True,False,False
False,False,False,False,True,True,False,False
False,False,False,False,True,True,False,False
False,False,False,False,True,True,False,False
False,False,False,False,False,True,False,False
False,False,False,False,True,True,False,False
False,False,False,False,False,True,False,False
False,False,False,False,True,True,False,False
False,False,False,False,True,True,False,False
False,False,False,False,False,True,False,False
False,False,False,False,False,True,False,False
False,False,False,False,True,True,False,False
False,False,False,False,False,True,False,False
False,False,False,False,False,True,False,False
False,False,False,False,False,True,False,False
False,False,False,False,False,True,False,False
False,False,False,False,True,True,False,False
False,False,False,False,True,True,False,False
False,False,False,False,True,True,False,False
False,False,False,False,False,True,False,False
False,False,False,False,True,True,False,False
False,False,False,False,False,True,False,False
False,False,False,False,True,True,False,False
False,False,False,False,False,True,False,False
False,False,False,False,True,True,False,False
False,False,False,False,False,True,False,False
False,False,False,False,True,True,False,False
False,False,False,False,True,True,False,False
False,False,False,False,True,True,False,False
False,False,False,False,True,True,False,False
False,False,False,False,False,True,False,False
False,False,False,False,False,True,False,False
False,False,False,False,True,False,False,False
False,False,False,False,False,True,False,False
False,False,False,False,False,True,False,False
False,False,False,False,True,True,False,False
False,False,False,False,True,True,False,False
False,False,False,False,True,True,False,False
False,False,False,False,True,True,False,False
False,False,False,False,False,True,False,False
False,False,False,False,True,False,False,False
False,False,False,False,True,True,False,False
False,False,False,False,True,True,False,False
False,False,False,False,True,False,False,False
False,False,False,False,False,True,False,False
False,False,False,False,True,True,False,False
False,False,False,False,False,True,False,False
False,False,False,False,True,True,False,False
False,False,False,False,True,True,False,False
False,False,False,False,False,False,False,False
False,False,False,False,False,True,False,False
False,False,False,False,True,True,False,False
False,False,False,False,True,True,False,False
False,False,False,False,True,True,False,False
False,False,False,False,True,True,False,False
False,False,False,False,True,True,False,False
False,False,False,False,True,True,False,False
False,False,False,False,False,True,False,False
False,False,False,False,True,True,False,False
False,False,False,False,False,True,False,False
False,False,False,False,False,True,False,False
False,False,False,False,False,True,False,False
False,False,False,False,False,True,False,False
False,False,False,False,False,True,False,False
False,False,False,False,True,True,False,False
False,False,False,False,False,True,False,False
False,False,False,False,True,True,False,False
False,False,False,False,True,True,False,False
False,False,False,False,False,True,False,False
False,False,False,False,False,True,False,False
False,False,False,False,False,True,False,False
False,False,False,False,True,True,False,False
False,False,False,False,True,True,False,False
False,False,False,False,False,True,False,False
False,False,False,False,True,True,False,False
False,False,False,False,True,True,False,False
False,False,False,False,True,True,False,False
False,False,False,False,False,True,False,False
False,False,False,False,True,True,False,False
False,False,False,False,True,True,False,False
False,False,False,False,False,True,False,False
False,False,False,False,True,True,False,False
False,False,False,False,True,True,False,False
False,False,False,False,True,True,False,False
False,False,False,False,False,True,False,False
False,False,False,False,True,True,False,False
False,False,False,False,True,True,False,False
False,False,False,False,True,True,False,False
False,False,False,False,True,True,False,False
False,False,False,False,False,True,False,False
False,False,False,False,True,True,False,False
False,False,False,False,True,True,False,False
False,False,False,False,True,True,False,False
False,False,False,False,True,True,False,False
False,False,False,False,True,True,False,False
False,False,False,False,False,True,False,False
False,False,False,False,True,True,False,False
False,False,False,False,False,True,False,False
False,False,False,False,False,True,False,False
False,False,False,False,True,True,False,False
False,False,False,False,True,True,False,False
False,False,False,False,False,True,False,False
False,False,False,False,True,True,False,False
False,False,False,False,True,True,False,False
False,False,False,False,False,False,False,False
False,False,False,False,False,True,False,False
False,False,False,False,True,True,False,False
False,False,False,False,True,False,False,False
False,False,False,False,True,True,False,False
False,False,False,False,True,True,False,False
False,False,False,False,False,True,False,False
False,False,False,False,True,True,False,False
False,False,False,False,True,True,False,False
False,False,False,False,False,True,False,False
False,False,False,False,True,True,False,False
False,False,False,False,True,True,False,False
False,False,False,False,True,True,False,False
False,False,False,False,True,True,False,False
False,False,False,False,True,True,False,False
False,False,False,False,False,True,False,False
False,False,False,False,True,False,False,False
False,False,False,False,True,True,False,False
False,False,False,False,False,True,False,False
False,False,False,False,True,True,False,False
False,False,False,False,True,True,False,False
False,False,False,False,True,True,False,False
False,False,False,False,False,True,False,False
False,False,False,False,True,True,False,False
False,False,False,False,False,True,False,False
False,False,False,False,False,True,False,False
False,False,False,False,True,True,False,False
False,False,False,False,False,True,False,False
False,False,False,False,True,True,False,False
False,False,False,False,False,True,False,False
False,False,False,False,False,True,False,False
False,False,False,False,True,True,False,False
False,False,False,False,True,True,False,False
False,False,False,False,True,True,False,False
False,False,False,False,True,True,False,False
False,False,False,False,True,True,False,False
False,False,False,False,False,True,False,False
False,False,False,False,True,True,False,False
False,False,False,False,True,True,False,False
False,False,False,False,True,True,False,False
False,False,False,False,True,True,False,False
False,False,False,False,False,True,False,False
False,False,False,False,True,True,False,False
False,False,False,False,True,True,False,False
False,False,False,False,True,True,False,False
False,False,False,False,True,True,False,False
False,False,False,False,True,True,False,False
False,False,False,False,False,True,False,False
False,False,False,False,True,True,False,False
False,False,False,False,True,True,False,False
False,False,False,False,True,True,False,False
False,False,False,False,True,True,False,False
False,False,False,False,False,True,False,False
False,False,False,False,True,True,False,False
False,False,False,False,False,True,False,False
False,False,False,False,True,True,False,False
False,False,False,False,True,True,False,False
False,False,False,False,True,True,False,False
False,False,False,False,True,True,False,False
False,False,False,False,False,True,False,False
False,False,False,False,False,True,False,False
False,False,False,False,False,True,False,False
False,False,False,False,True,True,False,False
False,False,False,False,True,True,False,False
False,False,False,False,True,True,False,False
False,False,False,False,False,True,False,False
False,False,False,False,False,True,False,False
False,False,False,False,True,True,False,False
False,False,False,False,True,True,False,False
False,False,False,False,True,True,False,False
False,False,False,False,True,True,False,False
False,False,False,False,True,True,False,False
False,False,False,False,True,True,False,False
False,False,False,False,True,True,False,False
False,False,False,False,True,False,False,False
False,False,False,False,True,True,False,False
False,False,False,False,True,True,False,False
False,False,False,False,False,True,False,False
False,False,False,False,True,True,False,False
False,False,False,False,False,True,False,False
False,False,False,False,True,True,False,False
False,False,False,False,False,True,False,False
False,False,False,False,False,True,False,False
False,False,False,False,True,True,False,False
False,False,False,False,False,True,False,False
False,False,False,False,True,True,False,False
False,False,False,False,False,True,False,False
False,False,False,False,True,True,False,False
False,False,False,False,False,True,False,False
False,False,False,False,True,True,False,False
False,False,False,False,True,True,False,False
False,False,False,False,True,True,False,False
False,False,False,False,True,True,False,False
False,False,False,False,True,True,False,False
False,False,False,False,True,True,False,False
False,False,False,False,False,True,False,False
False,False,False,False,True,True,False,False
False,False,False,False,True,True,False,False
False,False,False,False,True,True,False,False
False,False,False,False,False,True,False,False
False,False,False,False,True,True,False,False
False,False,False,False,True,True,False,False
False,False,False,False,True,True,False,False
False,False,False,False,True,True,False,False
False,False,False,False,False,True,False,False
False,False,False,False,True,True,False,False
False,False,False,False,True,True,False,False
False,False,False,False,True,True,False,False
False,False,False,False,False,True,False,False
False,False,False,False,True,True,False,False
False,False,False,False,False,True,False,False
False,False,False,False,True,True,False,False
False,False,False,False,False,True,False,False
False,False,False,False,True,True,False,False
False,False,False,False,True,True,False,False
False,False,False,False,True,True,False,False
False,False,False,False,True,True,False,False
False,False,False,False,True,False,False,False
False,False,False,False,False,True,False,False
False,False,False,False,False,True,False,False
False,False,False,False,False,True,False,False
False,False,False,False,True,True,False,False
False,False,False,False,True,True,False,False
False,False,False,False,True,False,False,False
False,False,False,False,False,True,False,False
False,False,False,False,False,True,False,False
False,False,False,False,False,True,False,False
False,False,False,False,True,True,False,False
False,False,False,False,True,True,False,False
False,False,False,False,True,True,False,False
False,False,False,False,True,False,False,False
False,False,False,False,True,True,False,False
False,False,False,False,True,True,False,False
False,False,False,False,True,True,False,False
False,False,False,False,False,True,False,False
False,False,False,False,True,True,False,False
False,False,False,False,True,True,False,False
False,False,False,False,True,True,False,False
False,False,False,False,True,True,False,False
False,False,False,False,True,True,False,False
False,False,False,False,True,True,False,False
False,False,False,False,True,True,False,False
False,False,False,False,True,True,False,False
False,False,False,False,True,True,False,False
False,False,False,False,True,True,False,False
False,False,False,False,True,True,False,False
False,False,False,False,True,True,False,False
False,False,False,False,True,True,False,False
False,False,False,False,False,True,False,False
False,False,False,False,False,True,False,False
False,False,False,False,False,True,False,False
False,False,False,False,True,True,False,False
False,False,False,False,True,True,False,False
False,False,False,False,False,True,False,False
False,False,False,False,True,True,False,False
False,False,False,False,True,True,False,False
False,False,False,False,True,True,False,False
False,False,False,False,True,True,False,False
False,False,False,False,False,False,False,False
False,False,False,False,True,True,False,False
False,False,False,False,False,True,False,False
False,False,False,False,True,True,False,False
False,False,False,False,False,True,False,False
False,False,False,False,True,True,False,False
False,False,False,False,True,True,False,False
False,False,False,False,False,True,False,False
False,False,False,False,True,True,False,False
False,False,False,False,False,True,False,False
False,False,False,False,False,True,False,False
False,False,False,False,True,True,False,False
False,False,False,False,False,True,False,False
False,False,False,False,True,True,False,False
False,False,False,False,True,True,False,False
False,False,False,False,False,True,False,False
False,False,False,False,True,True,False,False
False,False,False,False,True,True,False,False
False,False,False,False,True,True,False,False
False,False,False,False,True,True,False,False
False,False,False,False,True,True,False,False
False,False,False,False,True,True,False,False
False,False,False,False,False,True,False,False
False,False,False,False,True,True,False,False
False,False,False,False,True,True,False,False
False,False,False,False,True,True,False,False
False,False,False,False,True,True,False,False
False,False,False,False,True,True,False,False
False,False,False,False,False,True,False,False
False,False,False,False,True,True,False,False
False,False,False,False,True,True,False,False
False,False,False,False,True,True,False,False
False,False,False,False,False,True,False,False
False,False,False,False,True,True,False,False
False,False,False,False,False,True,False,False
False,False,False,False,False,True,False,False
False,False,False,False,False,True,False,False
False,False,False,False,True,False,False,False
False,False,False,False,True,True,False,False
False,False,False,False,False,True,False,False
False,False,False,False,True,True,False,False
False,False,False,False,True,True,False,False
False,False,False,False,True,True,False,False
False,False,False,False,False,True,False,False
False,False,False,False,True,True,False,False
False,False,False,False,False,True,False,False
False,False,False,False,True,True,False,False
False,False,False,False,True,True,False,False
False,False,False,False,False,True,False,False
False,False,False,False,False,True,False,False
False,False,False,False,True,True,False,False
False,False,False,False,True,True,False,False
False,False,False,False,False,True,False,False
False,False,False,False,True,True,False,False
False,False,False,False,True,True,False,False
False,False,False,False,True,True,False,False
False,False,False,False,True,True,False,False
False,False,False,False,True,True,False,False
False,False,False,False,True,True,False,False
False,False,False,False,True,True,False,False
False,False,False,False,True,True,False,False
False,False,False,False,True,True,False,False
False,False,False,False,False,True,False,False
False,False,False,False,True,True,False,False
False,False,False,False,True,True,False,False
False,False,False,False,True,True,False,False
False,False,False,False,True,True,False,False
False,False,False,False,True,True,False,False
False,False,False,False,False,True,False,False
False,False,False,False,True,True,False,False
False,False,False,False,False,True,False,False
False,False,False,False,False,True,False,False
False,False,False,False,True,True,False,False
False,False,False,False,True,False,False,False
False,False,False,False,True,True,False,False
False,False,False,False,True,True,False,False
False,False,False,False,False,True,False,False
False,False,False,False,True,True,False,False
False,False,False,False,True,True,False,False
False,False,False,False,False,True,False,False
False,False,False,False,True,True,False,False
False,False,False,False,True,True,False,False
False,False,False,False,True,True,False,False
False,False,False,False,True,True,False,False
False,False,False,False,True,True,False,False
False,False,False,False,True,True,False,False
False,False,False,False,False,True,False,False
False,False,False,False,True,True,False,False
False,False,False,False,True,True,False,False
False,False,False,False,True,True,False,False
False,False,False,False,True,True,False,False
False,False,False,False,False,True,False,False
False,False,False,False,True,True,False,False
False,False,False,False,True,True,False,False
False,False,False,False,True,True,False,False
False,False,False,False,False,True,False,False
False,False,False,False,True,True,False,False
False,False,False,False,True,True,False,False
False,False,False,False,False,True,False,False
False,False,False,False,True,True,False,False
False,False,False,False,False,True,False,False
False,False,False,False,False,True,False,False
False,False,False,False,True,True,False,False
False,False,False,False,True,True,False,False
False,False,False,False,False,True,False,False
False,False,False,False,False,True,False,False
False,False,False,False,False,True,False,False
False,False,False,False,True,True,False,False
False,False,False,False,True,True,False,False
False,False,False,False,False,True,False,False
False,False,False,False,False,True,False,False
False,False,False,False,False,True,False,False
False,False,False,False,False,True,False,False
False,False,False,False,True,False,False,False
False,False,False,False,True,True,False,False
False,False,False,False,False,True,False,False
False,False,False,False,False,False,False,False
False,False,False,False,True,True,False,False
False,False,False,False,False,True,False,False
False,False,False,False,True,True,False,False
False,False,False,False,True,True,False,False
False,False,False,False,True,False,False,False
False,False,False,False,True,True,False,False
False,False,False,False,False,True,False,False
False,False,False,False,False,True,False,False
False,False,False,False,False,True,False,False
False,False,False,False,False,True,False,False
False,False,False,False,True,True,False,False
False,False,False,False,True,True,False,False
False,False,False,False,True,True,False,False
False,False,False,False,False,True,False,False
False,False,False,False,True,True,False,False
False,False,False,False,True,True,False,False
False,False,False,False,False,True,False,False
False,False,False,False,True,True,False,False
False,False,False,False,False,True,False,False
False,False,False,False,False,True,False,False
False,False,False,False,False,True,False,False
False,False,False,False,False,True,False,False
False,False,False,False,False,True,False,False
False,False,False,False,True,False,False,False
False,False,False,False,False,True,False,False
False,False,False,False,True,True,False,False
False,False,False,False,True,True,False,False
False,False,False,False,True,True,False,False
False,False,False,False,True,True,False,False
False,False,False,False,True,True,False,False
False,False,False,False,True,True,False,False
False,False,False,False,False,True,False,False
False,False,False,False,True,True,False,False
False,False,False,False,True,True,False,False
False,False,False,False,True,True,False,False
False,False,False,False,False,True,False,False
False,False,False,False,True,True,False,False
False,False,False,False,True,True,False,False
False,False,False,False,False,True,False,False
False,False,False,False,True,True,False,False
False,False,False,False,True,True,False,False
False,False,False,False,True,True,False,False
False,False,False,False,True,True,False,False
False,False,False,False,True,True,False,False
False,False,False,False,True,True,False,False
False,False,False,False,False,True,False,False
False,False,False,False,True,False,False,False
False,False,False,False,True,True,False,False
False,False,False,False,True,True,False,False
False,False,False,False,False,True,False,False
False,False,False,False,True,True,False,False
False,False,False,False,True,True,False,False
False,False,False,False,True,True,False,False
False,False,False,False,True,True,False,False
False,False,False,False,True,True,False,False
False,False,False,False,True,True,False,False
False,False,False,False,False,True,False,False
False,False,False,False,True,True,False,False
False,False,False,False,True,True,False,False
False,False,False,False,True,True,False,False
False,False,False,False,False,True,False,False
False,False,False,False,False,True,False,False
False,False,False,False,True,True,False,False
False,False,False,False,True,True,False,False
False,False,False,False,False,True,False,False
False,False,False,False,False,True,False,False
False,False,False,False,False,True,False,False
False,False,False,False,True,True,False,False
False,False,False,False,False,True,False,False
False,False,False,False,True,True,False,False
False,False,False,False,False,True,False,False
False,False,False,False,True,True,False,False
False,False,False,False,False,False,False,False
False,False,False,False,True,True,False,False
False,False,False,False,True,True,False,False
False,False,False,False,True,True,False,False
False,False,False,False,True,True,False,False
False,False,False,False,False,True,False,False
False,False,False,False,True,True,False,False
False,False,False,False,True,True,False,False
False,False,False,False,False,True,False,False
False,False,False,False,False,True,False,False
False,False,False,False,True,True,False,False
False,False,False,False,True,True,False,False
False,False,False,False,True,True,False,False
False,False,False,False,True,True,False,False
False,False,False,False,True,True,False,False
False,False,False,False,True,True,False,False
False,False,False,False,True,False,False,False
False,False,False,False,True,True,False,False
False,False,False,False,False,True,False,False
False,False,False,False,True,True,False,False
False,False,False,False,True,True,False,False
False,False,False,False,True,True,False,False
False,False,False,False,False,True,False,False
False,False,False,False,True,True,False,False
False,False,False,False,True,True,False,False
False,False,False,False,False,True,False,False
False,False,False,False,True,True,False,False
False,False,False,False,False,True,False,False
False,False,False,False,True,True,False,False
False,False,False,False,True,False,False,False
False,False,False,False,False,True,False,False
False,False,False,False,True,True,False,False
False,False,False,False,True,True,False,False
False,False,False,False,True,True,False,False
False,False,False,False,False,True,False,False
False,False,False,False,True,True,False,False
False,False,False,False,True,True,False,False
False,False,False,False,True,True,False,False
False,False,False,False,True,True,False,False
False,False,False,False,True,True,False,False
False,False,False,False,False,True,False,False
False,False,False,False,True,True,False,False
False,False,False,False,True,True,False,False
False,False,False,False,True,True,False,False
False,False,False,False,False,False,False,False
False,False,False,False,True,True,False,False
False,False,False,False,False,True,False,False
False,False,False,False,False,True,False,False
False,False,False,False,True,True,False,False
False,False,False,False,True,True,False,False
False,False,False,False,True,True,False,False
False,False,False,False,False,True,False,False
False,False,False,False,True,False,False,False
False,False,False,False,True,False,False,False
False,False,False,False,True,True,False,False
False,False,False,False,False,True,False,False
False,False,False,False,False,False,False,False
False,False,False,False,True,True,False,False
False,False,False,False,False,True,False,False
False,False,False,False,True,True,False,False
False,False,False,False,False,True,False,False
False,False,False,False,True,True,False,False
False,False,False,False,True,True,False,False
False,False,False,False,True,True,False,False
False,False,False,False,True,True,False,False
False,False,False,False,False,True,False,False
False,False,False,False,True,True,False,False
False,False,False,False,False,False,False,False
False,False,False,False,True,True,False,False
False,False,False,False,False,True,False,False
False,False,False,False,True,True,False,False
False,False,False,False,True,True,False,False
False,False,False,False,False,True,False,False
False,False,False,False,True,True,False,False
False,False,False,False,True,True,False,False
False,False,False,False,True,True,False,False
False,False,False,False,False,True,False,False
False,False,False,False,True,True,False,False
False,False,False,False,False,True,False,False
False,False,False,False,False,True,False,False
False,False,False,False,True,True,False,False
False,False,False,False,False,True,False,False
False,False,False,False,True,True,False,False
False,False,False,False,True,True,False,False
False,False,False,False,False,True,False,False
False,False,False,False,False,False,False,False
False,False,False,False,True,True,False,False
False,False,False,False,True,True,False,False
False,False,False,False,True,True,False,False
False,False,False,False,False,True,False,False
False,False,False,False,False,True,False,False
False,False,False,False,True,False,False,False
False,False,False,False,True,True,False,False
False,False,False,False,False,True,False,False
False,False,False,False,False,True,False,False
False,False,False,False,True,True,False,False
False,False,False,False,True,True,False,False
False,False,False,False,True,True,False,False
False,False,False,False,True,True,False,False
False,False,False,False,True,True,False,False
False,False,False,False,True,True,False,False
False,False,False,False,True,True,False,False
False,False,False,False,False,True,False,False
False,False,False,False,False,True,False,False
False,False,False,False,True,True,False,False
False,False,False,False,False,True,False,False
False,False,False,False,True,True,False,False
False,False,False,False,True,True,False,False
False,False,False,False,True,True,False,False
False,False,False,False,True,True,False,False
False,False,False,False,False,False,False,False
False,False,False,False,False,True,False,False
False,False,False,False,True,True,False,False
False,False,False,False,True,True,False,False
False,False,False,False,False,True,False,False
False,False,False,False,True,True,False,False
False,False,False,False,True,True,False,False
False,False,False,False,True,True,False,False
False,False,False,False,True,True,False,False
False,False,False,False,False,True,False,False
False,False,False,False,True,True,False,False
False,False,False,False,True,True,False,False
False,False,False,False,False,False,False,False
False,False,False,False,False,True,False,False
False,False,False,False,False,True,False,False
False,False,False,False,False,True,False,False
False,False,False,False,True,True,False,False
False,False,False,False,False,True,False,False
False,False,False,False,True,True,False,False
False,False,False,False,True,False,False,False
False,False,False,False,True,True,False,False
False,False,False,False,True,True,False,False
False,False,False,False,False,True,False,False
False,False,False,False,True,True,False,False
False,False,False,False,True,True,False,False
False,False,False,False,True,True,False,False
False,False,False,False,True,True,False,False
False,False,False,False,False,True,False,False
False,False,False,False,True,True,False,False
False,False,False,False,True,True,False,False
False,False,False,False,True,True,False,False
False,False,False,False,True,True,False,False
False,False,False,False,True,True,False,False
False,False,False,False,False,False,False,False
False,False,False,False,True,True,False,False
False,False,False,False,True,True,False,False
False,False,False,False,True,True,False,False
False,False,False,False,False,True,False,False
False,False,False,False,True,True,False,False
False,False,False,False,False,True,False,False
False,False,False,False,True,True,False,False
False,False,False,False,True,True,False,False
False,False,False,False,True,False,False,False
False,False,False,False,False,True,False,False
False,False,False,False,True,True,False,False
False,False,False,False,False,True,False,False
False,False,False,False,True,True,False,False
False,False,False,False,False,True,False,False
False,False,False,False,False,True,False,False
False,False,False,False,True,True,False,False
False,False,False,False,True,True,False,False
False,False,False,False,True,True,False,False
False,False,False,False,True,True,False,False
False,False,False,False,True,False,False,False
False,False,False,False,False,True,False,False
False,False,False,False,True,True,False,False
False,False,False,False,True,True,False,False
False,False,False,False,False,True,False,False
False,False,False,False,True,True,False,False
False,False,False,False,True,True,False,False
False,False,False,False,False,True,False,False
False,False,False,False,True,True,False,False
False,False,False,False,False,True,False,False
False,False,False,False,True,True,False,False
False,False,False,False,False,True,False,False
False,False,False,False,True,True,False,False
False,False,False,False,True,True,False,False
False,False,False,False,True,True,False,False
False,False,False,False,True,True,False,False
False,False,False,False,False,True,False,False
False,False,False,False,True,True,False,False
False,False,False,False,True,True,False,False
False,False,False,False,True,True,False,False
False,False,False,False,True,True,False,False
False,False,False,False,True,True,False,False
False,False,False,False,True,True,False,False
False,False,False,False,True,True,False,False
False,False,False,False,False,True,False,False
False,False,False,False,True,True,False,False
False,False,False,False,True,True,False,False
False,False,False,False,False,True,False,False
False,False,False,False,True,True,False,False
False,False,False,False,False,True,False,False
False,False,False,False,False,True,False,False
False,False,False,False,True,True,False,False
False,False,False,False,False,True,False,False
False,False,False,False,True,True,False,False
False,False,False,False,True,True,False,False
False,False,False,False,True,True,False,False
False,False,False,False,False,True,False,False
False,False,False,False,False,True,False,False
False,False,False,False,False,True,False,False
False,False,False,False,False,True,False,False
False,False,False,False,True,True,False,False
False,False,False,False,False,True,False,False
False,False,False,False,True,True,False,False
False,False,False,False,False,True,False,False
False,False,False,False,False,True,False,False
False,False,False,False,True,True,False,False
False,False,False,False,True,True,False,False
False,False,False,False,True,True,False,False
False,False,False,False,True,True,False,False
False,False,False,False,True,True,False,False
False,False,False,False,False,False,False,False
False,False,False,False,False,True,False,False
False,False,False,False,True,True,False,False
False,False,False,False,True,True,False,False
False,False,False,False,True,False,False,False
False,False,False,False,False,True,False,False
False,False,False,False,True,True,False,False
False,False,False,False,True,True,False,False
False,False,False,False,True,True,False,False
False,False,False,False,True,True,False,False
False,False,False,False,True,True,False,False
False,False,False,False,False,True,False,False
False,False,False,False,True,True,False,False
False,False,False,False,True,True,False,False
False,False,False,False,True,True,False,False
False,False,False,False,True,True,False,False
False,False,False,False,True,True,False,False
False,False,False,False,True,True,False,False
False,False,False,False,False,True,False,False
False,False,False,False,True,True,False,False
False,False,False,False,True,False,False,False
False,False,False,False,True,True,False,False
False,False,False,False,True,True,False,False
False,False,False,False,True,True,False,False
False,False,False,False,True,True,False,False
False,False,False,False,True,True,False,False
False,False,False,False,True,True,False,False
False,False,False,False,False,True,False,False
False,False,False,False,True,True,False,False
False,False,False,False,False,True,False,False
False,False,False,False,True,True,False,False
False,False,False,False,True,True,False,False
False,False,False,False,False,True,False,False
False,False,False,False,False,True,False,False
False,False,False,False,True,True,False,False
False,False,False,False,True,True,False,False
False,False,False,False,True,True,False,False
False,False,False,False,True,True,False,False
False,False,False,False,False,True,False,False
False,False,False,False,True,True,False,False
False,False,False,False,False,True,False,False
False,False,False,False,True,True,False,False
False,False,False,False,True,True,False,False
False,False,False,False,True,True,False,False
False,False,False,False,False,True,False,False
False,False,False,False,False,True,False,False
False,False,False,False,True,False,False,False
False,False,False,False,True,True,False,False
False,False,False,False,False,True,False,False
False,False,False,False,True,True,False,False
False,False,False,False,False,True,False,False
False,False,False,False,False,True,False,False
False,False,False,False,True,True,False,False
False,False,False,False,True,True,False,False
False,False,False,False,True,True,False,False
False,False,False,False,True,True,False,False
False,False,False,False,False,False,False,False
False,False,False,False,False,True,False,False
False,False,False,False,False,True,False,False
False,False,False,False,False,True,False,False
False,False,False,False,False,True,False,False
False,False,False,False,False,True,False,False
False,False,False,False,True,True,False,False
False,False,False,False,True,True,False,False
False,False,False,False,True,True,False,False
False,False,False,False,True,True,False,False
False,False,False,False,False,True,False,False
False,False,False,False,False,True,False,False
False,False,False,False,True,True,False,False
False,False,False,False,True,True,False,False
False,False,False,False,False,True,False,False
False,False,False,False,True,False,False,False
False,False,False,False,False,True,False,False
False,False,False,False,True,True,False,False
False,False,False,False,False,True,False,False
False,False,False,False,True,True,False,False
False,False,False,False,True,True,False,False
False,False,False,False,True,True,False,False
False,False,False,False,True,True,False,False
False,False,False,False,True,True,False,False
False,False,False,False,False,True,False,False
False,False,False,False,True,True,False,False
False,False,False,False,True,True,False,False
False,False,False,False,True,True,False,False
False,False,False,False,True,True,False,False
False,False,False,False,True,True,False,False
False,False,False,False,True,True,False,False
False,False,False,False,True,True,False,False
False,False,False,False,False,True,False,False
False,False,False,False,True,True,False,False
False,False,False,False,False,True,False,False
False,False,False,False,False,True,False,False
False,False,False,False,True,True,False,False
False,False,False,False,True,True,False,False
False,False,False,False,True,True,False,False
False,False,False,False,False,True,False,False
False,False,False,False,True,True,False,False
False,False,False,False,True,True,False,False
False,False,False,False,False,True,False,False
False,False,False,False,True,True,False,False
False,False,False,False,False,True,False,False
False,False,False,False,True,True,False,False
False,False,False,False,True,True,False,False
False,False,False,False,True,True,False,False
False,False,False,False,False,True,False,False
False,False,False,False,False,True,False,False
False,False,False,False,True,True,False,False
False,False,False,False,True,True,False,False
False,False,False,False,True,True,False,False
False,False,False,False,False,True,False,False
False,False,False,False,True,True,False,False
False,False,False,False,True,True,False,False
False,False,False,False,True,True,False,False
False,False,False,False,True,True,False,False
False,False,False,False,False,True,False,False
False,False,False,False,True,True,False,False
False,False,False,False,False,True,False,False
False,False,False,False,True,True,False,False
False,False,False,False,False,True,False,False
False,False,False,False,True,True,False,False
False,False,False,False,True,True,False,False
False,False,False,False,False,True,False,False
False,False,False,False,False,True,False,False
False,False,False,False,True,True,False,False
False,False,False,False,True,True,False,False
False,False,False,False,True,True,False,False
False,False,False,False,True,True,False,False
False,False,False,False,True,True,False,False
False,False,False,False,True,True,False,False
False,False,False,False,True,True,False,False
False,False,False,False,True,True,False,False
False,False,False,False,True,True,False,False
False,False,False,False,False,True,False,False
False,False,False,False,True,True,False,False
False,False,False,False,True,True,False,False
False,False,False,False,True,True,False,False
False,False,False,False,False,True,False,False
False,False,False,False,True,True,False,False
False,False,False,False,False,True,False,False
False,False,False,False,True,True,False,False
False,False,False,False,True,True,False,False
False,False,False,False,False,True,False,False
False,False,False,False,False,True,False,False
False,False,False,False,True,True,False,False
False,False,False,False,True,True,False,False
False,False,False,False,True,True,False,False
False,False,False,False,True,True,False,False
False,False,False,False,False,True,False,False
False,False,False,False,False,True,False,False
False,False,False,False,True,True,False,False
False,False,False,False,True,True,False,False
False,False,False,False,True,True,False,False
False,False,False,False,False,True,False,False
False,False,False,False,True,True,False,False
False,False,False,False,True,True,False,False
False,False,False,False,True,True,False,False
False,False,False,False,False,True,False,False
False,False,False,False,True,True,False,False
False,False,False,False,False,True,False,False
False,False,False,False,True,True,False,False
False,False,False,False,True,True,False,False
False,False,False,False,True,True,False,False
False,False,False,False,False,True,False,False
False,False,False,False,True,True,False,False
False,False,False,False,True,True,False,False
False,False,False,False,True,True,False,False
False,False,False,False,True,True,False,False
False,False,False,False,True,True,False,False
False,False,False,False,True,False,False,False
False,False,False,False,True,True,False,False
False,False,False,False,False,True,False,False
False,False,False,False,True,True,False,False
False,False,False,False,True,True,False,False
False,False,False,False,False,True,False,False
False,False,False,False,False,True,False,False
False,False,False,False,True,True,False,False
False,False,False,False,True,False,False,False
False,False,False,False,False,True,False,False
False,False,False,False,False,True,False,False
False,False,False,False,False,True,False,False
False,False,False,False,False,True,False,False
False,False,False,False,True,True,False,False
False,False,False,False,False,True,False,False
False,False,False,False,True,True,False,False
False,False,False,False,False,True,False,False
False,False,False,False,True,True,False,False
False,False,False,False,True,False,False,False
False,False,False,False,True,True,False,False
False,False,False,False,False,True,False,False
False,False,False,False,False,True,False,False
False,False,False,False,True,True,False,False
False,False,False,False,True,True,False,False
False,False,False,False,False,True,False,False
False,False,False,False,False,True,False,False
False,False,False,False,True,True,False,False
False,False,False,False,True,True,False,False
False,False,False,False,True,True,False,False
False,False,False,False,True,True,False,False
False,False,False,False,True,True,False,False
False,False,False,False,True,True,False,False
False,False,False,False,False,True,False,False
False,False,False,False,True,True,False,False
False,False,False,False,False,True,False,False
False,False,False,False,True,True,False,False
False,False,False,False,True,True,False,False
False,False,False,False,True,True,False,False
False,False,False,False,True,True,False,False
False,False,False,False,True,True,False,False
False,False,False,False,True,False,False,False
False,False,False,False,False,True,False,False
False,False,False,False,True,True,False,False
False,False,False,False,True,True,False,False
False,False,False,False,True,False,False,False
False,False,False,False,False,True,False,False
False,False,False,False,False,True,False,False
False,False,False,False,True,True,False,False
False,False,False,False,True,True,False,False
False,False,False,False,True,True,False,False
False,False,False,False,False,True,False,False
False,False,False,False,True,True,False,False
False,False,False,False,True,True,False,False
False,False,False,False,True,True,False,False
False,False,False,False,True,True,False,False
False,False,False,False,True,True,False,False
False,False,False,False,True,True,False,False
False,False,False,False,True,True,False,False
False,False,False,False,True,True,False,False
False,False,False,False,True,True,False,False
False,False,False,False,True,True,False,False
False,False,False,False,False,True,False,False
False,False,False,False,True,False,False,False
False,False,False,False,True,True,False,False
False,False,False,False,False,True,False,False
False,False,False,False,True,True,False,False
False,False,False,False,True,True,False,False
False,False,False,False,True,True,False,False
False,False,False,False,True,True,False,False
False,False,False,False,True,True,False,False
False,False,False,False,False,True,False,False
False,False,False,False,True,True,False,False
False,False,False,False,True,True,False,False
False,False,False,False,False,True,False,False
False,False,False,False,True,True,False,False
False,False,False,False,False,True,False,False
False,False,False,False,False,True,False,False
False,False,False,False,True,True,False,False
False,False,False,False,False,True,False,False
False,False,False,False,False,True,False,False
False,False,False,False,False,True,False,False
False,False,False,False,False,True,False,False
False,False,False,False,False,True,False,False
False,False,False,False,True,True,False,False
False,False,False,False,False,True,False,False
False,False,False,False,False,True,False,False
False,False,False,False,False,False,False,False
False,False,False,False,False,True,False,False
False,False,False,False,False,True,False,False
False,False,False,False,False,True,False,False
False,False,False,False,True,True,False,False
False,False,False,False,False,True,False,False
False,False,False,False,False,True,False,False
False,False,False,False,True,True,False,False
False,False,False,False,False,False,False,False
False,False,False,False,True,True,False,False
False,False,False,False,True,False,False,False
False,False,False,False,False,True,False,False
False,False,False,False,True,False,False,False
False,False,False,False,True,True,False,False
False,False,False,False,True,True,False,False
False,False,False,False,False,True,False,False
False,False,False,False,True,True,False,False
False,False,False,False,True,True,False,False
False,False,False,False,False,True,False,False
False,False,False,False,True,True,False,False
False,False,False,False,True,True,False,False
False,False,False,False,False,True,False,False
False,False,False,False,True,True,False,False
False,False,False,False,False,True,False,False
